train\eval,P0,P1,P2,P3,P4
P0,0.004022,0.004007,0.004025,0.004074,0.029955
P1,0.004382,0.004374,0.004385,0.004413,0.032864
P2,0.004029,0.004022,0.004030,0.004053,0.032717
P3,0.004447,0.004396,0.004359,0.004337,0.030754
P4,0.006977,0.007017,0.007167,0.007433,0.005843
