quantile,target,generated
0.001,-4.846283,-2.448227
0.01,-2.649370,-2.143324
0.05,-1.506386,-1.478597
0.5,-0.002142,-0.016740
0.95,1.502534,1.465859
0.99,2.626512,2.098108
0.999,4.859498,2.325203
